match_id,match_name,kickoff,actual_score,portfolio_name,portfolio_style,pre_match_rank,pre_match_score,total_stake,net_profit,roi,hit_count,loss_count,push_count,best_score_path,actual_score_path,covered_actual_score,zero_risk_triggered,one_goal_deviation_failure,recommendation_rank_pre_match,actual_profit_rank_post_match,recomputed_with_current_model
2026_06_18_Switzerland_Bosnia_and_Herzegovina,Switzerland vs Bosnia and Herzegovina,2026-06-19T15:45:18.212803+08:00,4:1,第4组合,System,,,1200.0,1152.0,0.96,1,0,0,-,three_plus_goal_win,,False,False,,1,False
2026_06_18_Switzerland_Bosnia_and_Herzegovina,Switzerland vs Bosnia and Herzegovina,2026-06-19T15:45:18.212803+08:00,4:1,推荐组合,System,,,1200.0,906.0,0.755,2,0,0,-,three_plus_goal_win,,False,False,,2,False
2026_06_18_Switzerland_Bosnia_and_Herzegovina,Switzerland vs Bosnia and Herzegovina,2026-06-19T15:45:18.212803+08:00,4:1,第5组合,System,,,1200.0,660.0,0.55,1,0,0,-,three_plus_goal_win,,False,False,,3,False
2026_06_18_Switzerland_Bosnia_and_Herzegovina,Switzerland vs Bosnia and Herzegovina,2026-06-19T15:45:18.212803+08:00,4:1,第2组合,System,,,1200.0,596.0,0.497,2,1,0,-,three_plus_goal_win,,False,False,,4,False
2026_06_18_Switzerland_Bosnia_and_Herzegovina,Switzerland vs Bosnia and Herzegovina,2026-06-19T15:45:18.212803+08:00,4:1,第3组合,System,,,1200.0,172.0,0.143,1,1,0,-,three_plus_goal_win,,False,False,,5,False
2026_06_18_Switzerland_Bosnia_and_Herzegovina,Switzerland vs Bosnia and Herzegovina,2026-06-19T15:45:18.212803+08:00,4:1,第7组合,System,,,1200.0,-270.0,-0.225,1,1,0,-,three_plus_goal_win,,False,False,,6,False
2026_06_18_Switzerland_Bosnia_and_Herzegovina,Switzerland vs Bosnia and Herzegovina,2026-06-19T15:45:18.212803+08:00,4:1,第10组合,System,,,1200.0,-653.0,-0.544,3,14,0,-,three_plus_goal_win,,False,False,,7,False
2026_06_18_Switzerland_Bosnia_and_Herzegovina,Switzerland vs Bosnia and Herzegovina,2026-06-19T15:45:18.212803+08:00,4:1,第6组合,System,,,1200.0,-1200.0,-1.0,0,1,0,-,three_plus_goal_win,,True,False,,8,False
2026_06_18_Switzerland_Bosnia_and_Herzegovina,Switzerland vs Bosnia and Herzegovina,2026-06-19T15:45:18.212803+08:00,4:1,第8组合,System,,,1200.0,-1200.0,-1.0,0,2,0,-,three_plus_goal_win,,True,False,,9,False
2026_06_18_Switzerland_Bosnia_and_Herzegovina,Switzerland vs Bosnia and Herzegovina,2026-06-19T15:45:18.212803+08:00,4:1,第9组合,System,,,1200.0,-1200.0,-1.0,0,2,0,-,three_plus_goal_win,,True,False,,10,False
2026_06_18_Switzerland_Bosnia_and_Herzegovina,Switzerland vs Bosnia and Herzegovina,2026-06-19T15:45:18.212803+08:00,4:1,第11组合,System,,,1200.0,-1200.0,-1.0,0,1,0,-,three_plus_goal_win,,True,False,,11,False
2026_06_18_Switzerland_Bosnia_and_Herzegovina,Switzerland vs Bosnia and Herzegovina,2026-06-19T15:45:18.212803+08:00,4:1,我的组合,My Portfolio,,,1500.0,-1500.0,-1.0,0,5,0,-,three_plus_goal_win,,True,False,,12,False
2026_06_19_Turkey_Paraguay,土耳其 vs 巴拉圭,06/19/2026 20:00,0:1,推荐组合,System,1,100,100.0,-100.0,-1.0,0,1,0,1:0,one_goal_win,False,True,True,1,4,True
2026_06_19_Turkey_Paraguay,土耳其 vs 巴拉圭,06/19/2026 20:00,0:1,第2组合,System,2,100,100.0,-100.0,-1.0,0,1,0,1:0,one_goal_win,False,True,True,2,5,True
2026_06_19_Turkey_Paraguay,土耳其 vs 巴拉圭,06/19/2026 20:00,0:1,第3组合,System,3,100,100.0,-100.0,-1.0,0,1,0,1:0,one_goal_win,False,True,True,3,6,True
2026_06_19_Turkey_Paraguay,土耳其 vs 巴拉圭,06/19/2026 20:00,0:1,第4组合,System,4,76,100.0,-100.0,-1.0,1,1,0,1:0,one_goal_win,False,True,True,4,7,True
2026_06_19_Turkey_Paraguay,土耳其 vs 巴拉圭,06/19/2026 20:00,0:1,推荐组合,System,5,65,100.0,-100.0,-1.0,1,19,0,1:0,one_goal_win,False,True,True,5,8,True
2026_06_19_Turkey_Paraguay,土耳其 vs 巴拉圭,06/19/2026 20:00,0:1,第6组合,System,6,54,100.0,-100.0,-1.0,0,3,0,1:0,one_goal_win,False,True,True,6,9,True
2026_06_19_Turkey_Paraguay,土耳其 vs 巴拉圭,06/19/2026 20:00,0:1,第7组合,System,7,37,100.0,869.55,8.6955,1,0,0,0:1,one_goal_win,True,False,False,7,1,True
2026_06_19_Turkey_Paraguay,土耳其 vs 巴拉圭,06/19/2026 20:00,0:1,第8组合,System,8,37,100.0,869.55,8.6955,1,0,0,0:1,one_goal_win,True,False,False,8,2,True
2026_06_19_Turkey_Paraguay,土耳其 vs 巴拉圭,06/19/2026 20:00,0:1,第9组合,System,9,36,100.0,869.55,8.6955,1,1,0,0:1,one_goal_win,True,False,False,9,3,True
2026_06_19_United_States_Australia,美国 vs 澳大利亚,06/19/2026 12:00,2:0,我的组合,My Portfolio,,,1500.0,858.0,0.572,1,0,0,-,two_goal_win,,False,False,,1,False
2026_06_19_United_States_Australia,美国 vs 澳大利亚,06/19/2026 12:00,2:0,推荐组合,System,1,80,100.0,66.0,0.66,1,0,0,1:0,two_goal_win,True,False,False,1,2,False
2026_06_19_United_States_Australia,美国 vs 澳大利亚,06/19/2026 12:00,2:0,第2组合,System,2,80,100.0,66.0,0.66,1,0,0,1:0,two_goal_win,True,False,False,2,3,False
2026_06_19_United_States_Australia,美国 vs 澳大利亚,06/19/2026 12:00,2:0,第3组合,System,3,80,100.0,66.0,0.66,1,0,0,1:0,two_goal_win,True,False,False,3,4,False
2026_06_19_United_States_Australia,美国 vs 澳大利亚,06/19/2026 12:00,2:0,第4组合,System,4,80,100.0,66.0,0.66,1,0,0,1:0,two_goal_win,True,False,False,4,5,False
2026_06_19_United_States_Australia,美国 vs 澳大利亚,06/19/2026 12:00,2:0,第5组合,System,5,80,100.0,66.0,0.66,1,0,0,1:0,two_goal_win,True,False,False,5,6,False
2026_06_20_Brazil_Haiti,巴西 vs 海地,2026-06-20T00:30Z,3:0,推荐组合,System,1,80,100.0,-100.0,-1.0,0,1,0,3:2,three_plus_goal_win,False,True,False,1,5,True
2026_06_20_Brazil_Haiti,巴西 vs 海地,2026-06-20T00:30Z,3:0,第2组合,System,2,80,100.0,-100.0,-1.0,0,1,0,3:2,three_plus_goal_win,False,True,False,2,6,True
2026_06_20_Brazil_Haiti,巴西 vs 海地,2026-06-20T00:30Z,3:0,推荐组合,System,3,66,100.0,8.0,0.08,1,1,0,1:0,three_plus_goal_win,True,False,False,3,1,True
2026_06_20_Brazil_Haiti,巴西 vs 海地,2026-06-20T00:30Z,3:0,第4组合,System,4,66,100.0,8.0,0.08,1,0,0,1:0,three_plus_goal_win,True,False,False,4,2,True
2026_06_20_Brazil_Haiti,巴西 vs 海地,2026-06-20T00:30Z,3:0,第5组合,System,5,66,100.0,8.0,0.08,1,0,0,1:0,three_plus_goal_win,True,False,False,5,3,True
2026_06_20_Brazil_Haiti,巴西 vs 海地,2026-06-20T00:30Z,3:0,第6组合,System,6,66,100.0,8.0,0.08,1,0,0,1:0,three_plus_goal_win,True,False,False,6,4,True
2026_06_20_Ecuador_Cura_ao,厄瓜多尔 vs 库拉索,06/20/2026 19:00,0:0,推荐组合,System,1,45,1800.0,-1800.0,-1.0,0,1,0,2:0,draw,False,True,False,1,1,True
2026_06_20_Ecuador_Cura_ao,厄瓜多尔 vs 库拉索,06/20/2026 19:00,0:0,第2组合,System,2,44,1800.0,-1800.0,-1.0,0,1,0,2:0,draw,False,True,False,2,2,True
2026_06_20_Ecuador_Cura_ao,厄瓜多尔 vs 库拉索,06/20/2026 19:00,0:0,第3组合,System,3,42,1800.0,-1800.0,-1.0,0,1,0,2:0,draw,False,True,False,3,3,True
2026_06_20_Ecuador_Cura_ao,厄瓜多尔 vs 库拉索,06/20/2026 19:00,0:0,第4组合,System,4,42,1800.0,-1800.0,-1.0,0,1,0,2:0,draw,False,True,False,4,4,True
2026_06_20_Ecuador_Cura_ao,厄瓜多尔 vs 库拉索,06/20/2026 19:00,0:0,第5组合,System,5,38,1800.0,-1800.0,-1.0,0,2,0,2:0,draw,False,True,False,5,5,True
2026_06_20_Ecuador_Cura_ao,厄瓜多尔 vs 库拉索,06/20/2026 19:00,0:0,第6组合,System,6,38,1800.0,-1800.0,-1.0,0,2,0,2:0,draw,False,True,False,6,6,True
2026_06_20_Ecuador_Cura_ao,厄瓜多尔 vs 库拉索,06/20/2026 19:00,0:0,第7组合,System,7,38,1800.0,-1800.0,-1.0,0,2,0,2:0,draw,False,True,False,7,7,True
2026_06_20_Ecuador_Cura_ao,厄瓜多尔 vs 库拉索,06/20/2026 19:00,0:0,第8组合,System,8,34,1800.0,-1800.0,-1.0,0,2,0,2:0,draw,False,True,False,8,8,True
2026_06_20_Ecuador_Cura_ao,厄瓜多尔 vs 库拉索,06/20/2026 19:00,0:0,第9组合,System,9,32,1800.0,-1800.0,-1.0,0,4,0,3:0,draw,False,True,False,9,9,True
2026_06_20_Ecuador_Cura_ao,厄瓜多尔 vs 库拉索,06/20/2026 19:00,0:0,第10组合,System,10,29,1800.0,-1800.0,-1.0,0,2,0,2:0,draw,False,True,False,10,10,True
2026_06_20_Germany_Ivory_Coast,德国 vs 科特迪瓦,06/20/2026 16:00,2:1,推荐组合,System,1,100,1800.0,-1800.0,-1.0,0,1,0,2:0,one_goal_win,False,True,True,1,6,True
2026_06_20_Germany_Ivory_Coast,德国 vs 科特迪瓦,06/20/2026 16:00,2:1,第2组合,System,2,100,1800.0,-441.0,-0.245,1,1,0,2:0,one_goal_win,False,False,True,2,3,True
2026_06_20_Germany_Ivory_Coast,德国 vs 科特迪瓦,06/20/2026 16:00,2:1,第3组合,System,3,100,1800.0,12.0,0.0067,1,1,0,2:0,one_goal_win,True,False,False,3,2,True
2026_06_20_Germany_Ivory_Coast,德国 vs 科特迪瓦,06/20/2026 16:00,2:1,第4组合,System,4,100,1800.0,-1800.0,-1.0,0,2,0,2:0,one_goal_win,False,True,True,4,7,True
2026_06_20_Germany_Ivory_Coast,德国 vs 科特迪瓦,06/20/2026 16:00,2:1,第5组合,System,5,100,1800.0,-1347.0,-0.7483,1,4,0,3:0,one_goal_win,False,False,True,5,4,True
2026_06_20_Germany_Ivory_Coast,德国 vs 科特迪瓦,06/20/2026 16:00,2:1,第6组合,System,6,97,1800.0,-1498.0,-0.8322,1,11,0,5:3,one_goal_win,False,False,True,6,5,True
2026_06_20_Germany_Ivory_Coast,德国 vs 科特迪瓦,06/20/2026 16:00,2:1,第7组合,System,7,90,1800.0,-1800.0,-1.0,0,3,0,3:0,one_goal_win,False,True,True,7,8,True
2026_06_20_Germany_Ivory_Coast,德国 vs 科特迪瓦,06/20/2026 16:00,2:1,第8组合,System,8,88,1800.0,-1800.0,-1.0,0,1,0,2:0,one_goal_win,False,True,True,8,9,True
2026_06_20_Germany_Ivory_Coast,德国 vs 科特迪瓦,06/20/2026 16:00,2:1,第9组合,System,9,86,1800.0,-1800.0,-1.0,0,2,0,3:0,one_goal_win,False,True,True,9,10,True
2026_06_20_Germany_Ivory_Coast,德国 vs 科特迪瓦,06/20/2026 16:00,2:1,第10组合,System,10,80,1800.0,918.0,0.51,1,0,0,1:0,one_goal_win,True,False,False,10,1,True
2026_06_20_Netherlands_Sweden,荷兰 vs 瑞典,06/20/2026 12:00,5:1,推荐组合,System,1,80,100.0,72.0,0.72,1,0,0,1:0,three_plus_goal_win,True,False,False,1,1,True
2026_06_20_Netherlands_Sweden,荷兰 vs 瑞典,06/20/2026 12:00,5:1,第2组合,System,2,80,100.0,72.0,0.72,1,0,0,1:0,three_plus_goal_win,True,False,False,2,2,True
2026_06_20_Netherlands_Sweden,荷兰 vs 瑞典,06/20/2026 12:00,5:1,第3组合,System,3,80,100.0,72.0,0.72,1,0,0,1:0,three_plus_goal_win,True,False,False,3,3,True
2026_06_20_Netherlands_Sweden,荷兰 vs 瑞典,06/20/2026 12:00,5:1,第4组合,System,4,80,100.0,72.0,0.72,1,0,0,1:0,three_plus_goal_win,True,False,False,4,4,True
2026_06_20_Netherlands_Sweden,荷兰 vs 瑞典,06/20/2026 12:00,5:1,第5组合,System,5,80,100.0,72.0,0.72,1,0,0,1:0,three_plus_goal_win,True,False,False,5,5,True
2026_06_20_Scotland_Morocco,苏格兰 vs 摩洛哥,2026-06-19T22:00Z,0:1,推荐组合,System,1,93,300.0,593.75,1.9792,2,0,0,0:1,one_goal_win,True,False,False,1,3,True
2026_06_20_Scotland_Morocco,苏格兰 vs 摩洛哥,2026-06-19T22:00Z,0:1,第2组合,System,2,80,300.0,210.0,0.7,1,0,0,0:1,one_goal_win,True,False,False,2,7,True
2026_06_20_Scotland_Morocco,苏格兰 vs 摩洛哥,2026-06-19T22:00Z,0:1,第3组合,System,3,80,300.0,210.0,0.7,1,0,0,0:1,one_goal_win,True,False,False,3,8,True
2026_06_20_Scotland_Morocco,苏格兰 vs 摩洛哥,2026-06-19T22:00Z,0:1,推荐组合,System,4,60,300.0,253.75,0.8458,3,19,0,0:1,one_goal_win,True,False,False,4,4,True
2026_06_20_Scotland_Morocco,苏格兰 vs 摩洛哥,2026-06-19T22:00Z,0:1,第5组合,System,5,60,300.0,-300.0,-1.0,0,1,0,0:0,one_goal_win,False,True,True,5,11,True
2026_06_20_Scotland_Morocco,苏格兰 vs 摩洛哥,2026-06-19T22:00Z,0:1,第6组合,System,6,58,300.0,-130.0,-0.4333,1,1,0,0:0,one_goal_win,False,False,True,6,10,True
2026_06_20_Scotland_Morocco,苏格兰 vs 摩洛哥,2026-06-19T22:00Z,0:1,第7组合,System,7,56,300.0,1361.25,4.5375,1,0,0,0:1,one_goal_win,True,False,False,7,1,True
2026_06_20_Scotland_Morocco,苏格兰 vs 摩洛哥,2026-06-19T22:00Z,0:1,第8组合,System,8,55,300.0,807.5,2.6917,1,1,0,0:1,one_goal_win,True,False,False,8,2,True
2026_06_20_Scotland_Morocco,苏格兰 vs 摩洛哥,2026-06-19T22:00Z,0:1,第9组合,System,9,54,300.0,253.75,0.8458,1,1,0,0:1,one_goal_win,True,False,False,9,5,True
2026_06_20_Scotland_Morocco,苏格兰 vs 摩洛哥,2026-06-19T22:00Z,0:1,第10组合,System,10,54,300.0,253.75,0.8458,1,2,0,1:2,one_goal_win,True,False,False,10,6,True
2026_06_20_Scotland_Morocco,苏格兰 vs 摩洛哥,2026-06-19T22:00Z,0:1,第11组合,System,11,34,300.0,197.84,0.6595,1,0,0,0:1,one_goal_win,True,False,False,11,9,True
2026_06_20_T_rkiye_Paraguay,土耳其 vs 巴拉圭,2026-06-20T03:00Z,0:1,推荐组合,System,1,100,1500.0,-1500.0,-1.0,0,1,0,1:0,one_goal_win,False,True,True,1,7,True
2026_06_20_T_rkiye_Paraguay,土耳其 vs 巴拉圭,2026-06-20T03:00Z,0:1,第2组合,System,2,100,1500.0,-1500.0,-1.0,0,1,0,1:0,one_goal_win,False,True,True,2,8,True
2026_06_20_T_rkiye_Paraguay,土耳其 vs 巴拉圭,2026-06-20T03:00Z,0:1,第3组合,System,3,96,1500.0,-1500.0,-1.0,0,2,0,1:0,one_goal_win,False,True,True,3,9,True
2026_06_20_T_rkiye_Paraguay,土耳其 vs 巴拉圭,2026-06-20T03:00Z,0:1,第4组合,System,4,80,1500.0,-1500.0,-1.0,0,1,0,1:0,one_goal_win,False,True,True,4,10,True
2026_06_20_T_rkiye_Paraguay,土耳其 vs 巴拉圭,2026-06-20T03:00Z,0:1,第5组合,System,5,69,1500.0,2378.18,1.5855,1,1,0,0:1,one_goal_win,True,False,False,5,3,True
2026_06_20_T_rkiye_Paraguay,土耳其 vs 巴拉圭,2026-06-20T03:00Z,0:1,第6组合,System,6,59,1500.0,2378.18,1.5855,1,1,0,0:1,one_goal_win,True,False,False,6,4,True
2026_06_20_T_rkiye_Paraguay,土耳其 vs 巴拉圭,2026-06-20T03:00Z,0:1,第7组合,System,7,53,1500.0,-1500.0,-1.0,0,3,0,2:1,one_goal_win,False,True,True,7,11,True
2026_06_20_T_rkiye_Paraguay,土耳其 vs 巴拉圭,2026-06-20T03:00Z,0:1,第8组合,System,8,37,1500.0,13043.18,8.6955,1,0,0,0:1,one_goal_win,True,False,False,8,1,True
2026_06_20_T_rkiye_Paraguay,土耳其 vs 巴拉圭,2026-06-20T03:00Z,0:1,第9组合,System,9,35,1500.0,6256.36,4.1709,1,1,0,1:2,one_goal_win,True,False,False,9,2,True
2026_06_20_T_rkiye_Paraguay,土耳其 vs 巴拉圭,2026-06-20T03:00Z,0:1,第10组合,System,10,35,1500.0,1181.54,0.7877,1,0,0,1:0,one_goal_win,True,False,False,10,5,True
2026_06_20_T_rkiye_Paraguay,土耳其 vs 巴拉圭,2026-06-20T03:00Z,0:1,推荐组合,System,11,34,1500.0,-351.69,-0.2345,2,19,1,2:3,one_goal_win,False,False,True,11,6,True
2026_06_20_Tunisia_Japan,突尼斯 vs 日本,06/20/2026 22:00,0:4,推荐组合,System,1,66,700.0,350.0,0.5,1,0,0,0:2,three_plus_goal_win,True,False,False,1,1,True
2026_06_20_Tunisia_Japan,突尼斯 vs 日本,06/20/2026 22:00,0:4,第2组合,System,2,66,700.0,350.0,0.5,1,0,0,0:2,three_plus_goal_win,True,False,False,2,2,True
2026_06_20_Tunisia_Japan,突尼斯 vs 日本,06/20/2026 22:00,0:4,第3组合,System,3,47,700.0,-100.0,-0.1429,1,1,0,0:1,three_plus_goal_win,False,False,False,3,3,True
2026_06_20_Tunisia_Japan,突尼斯 vs 日本,06/20/2026 22:00,0:4,第4组合,System,4,45,700.0,-700.0,-1.0,0,1,0,0:1,three_plus_goal_win,False,True,False,4,6,True
2026_06_20_Tunisia_Japan,突尼斯 vs 日本,06/20/2026 22:00,0:4,第5组合,System,5,42,700.0,-700.0,-1.0,0,1,0,0:1,three_plus_goal_win,False,True,False,5,7,True
2026_06_20_Tunisia_Japan,突尼斯 vs 日本,06/20/2026 22:00,0:4,第6组合,System,6,41,700.0,-250.0,-0.3571,1,1,0,0:1,three_plus_goal_win,False,False,False,6,4,True
2026_06_20_Tunisia_Japan,突尼斯 vs 日本,06/20/2026 22:00,0:4,第7组合,System,7,40,700.0,-400.0,-0.5714,1,3,0,0:2,three_plus_goal_win,False,False,False,7,5,True
2026_06_20_Tunisia_Japan,突尼斯 vs 日本,06/20/2026 22:00,0:4,第8组合,System,8,40,700.0,-700.0,-1.0,0,2,0,0:2,three_plus_goal_win,False,True,False,8,8,True
2026_06_20_Tunisia_Japan,突尼斯 vs 日本,06/20/2026 22:00,0:4,第9组合,System,9,40,700.0,-700.0,-1.0,0,2,0,0:1,three_plus_goal_win,False,True,False,9,9,True
2026_06_20_Tunisia_Japan,突尼斯 vs 日本,06/20/2026 22:00,0:4,第10组合,System,10,34,700.0,-700.0,-1.0,0,2,0,0:1,three_plus_goal_win,False,True,False,10,10,True
2026_06_20_United_States_Australia,美国 vs 澳大利亚,2026-06-19T19:00Z,2:0,推荐组合,System,1,80,100.0,60.0,0.6,1,0,0,1:0,two_goal_win,True,False,False,1,1,True
2026_06_20_United_States_Australia,美国 vs 澳大利亚,2026-06-19T19:00Z,2:0,第2组合,System,2,80,100.0,60.0,0.6,1,0,0,1:0,two_goal_win,True,False,False,2,2,True
2026_06_20_United_States_Australia,美国 vs 澳大利亚,2026-06-19T19:00Z,2:0,第3组合,System,3,80,100.0,60.0,0.6,1,0,0,1:0,two_goal_win,True,False,False,3,3,True
2026_06_20_United_States_Australia,美国 vs 澳大利亚,2026-06-19T19:00Z,2:0,第4组合,System,4,80,100.0,60.0,0.6,1,0,0,1:0,two_goal_win,True,False,False,4,4,True
2026_06_20_United_States_Australia,美国 vs 澳大利亚,2026-06-19T19:00Z,2:0,第5组合,System,5,80,100.0,60.0,0.6,1,0,0,1:0,two_goal_win,True,False,False,5,5,True
2026_06_24_Bosnia_and_Herzegovina_Qatar,波黑 vs 卡塔尔,06/24/2026 12:00,3:1,推荐组合,System,1,72,1500.0,1545.0,1.03,1,0,0,2:0,two_goal_win,True,False,False,1,1,False
2026_06_24_Bosnia_and_Herzegovina_Qatar,波黑 vs 卡塔尔,06/24/2026 12:00,3:1,第2组合,System,2,72,1500.0,1545.0,1.03,1,0,0,2:0,two_goal_win,True,False,False,2,2,False
2026_06_24_Bosnia_and_Herzegovina_Qatar,波黑 vs 卡塔尔,06/24/2026 12:00,3:1,第6组合,System,6,53,1500.0,1009.0,0.673,2,0,0,2:0,two_goal_win,True,False,False,6,3,False
2026_06_24_Bosnia_and_Herzegovina_Qatar,波黑 vs 卡塔尔,06/24/2026 12:00,3:1,第5组合,System,5,53,1500.0,540.0,0.36,1,0,0,2:0,two_goal_win,True,False,False,5,4,False
2026_06_24_Bosnia_and_Herzegovina_Qatar,波黑 vs 卡塔尔,06/24/2026 12:00,3:1,第3组合,System,3,64,1500.0,327.0,0.218,1,1,0,2:0,two_goal_win,True,False,False,3,5,False
2026_06_24_Bosnia_and_Herzegovina_Qatar,波黑 vs 卡塔尔,06/24/2026 12:00,3:1,我的组合,My Portfolio,,,900.0,-100.0,-0.111,0,1,0,-,two_goal_win,,False,False,,6,False
2026_06_24_Bosnia_and_Herzegovina_Qatar,波黑 vs 卡塔尔,06/24/2026 12:00,3:1,第7组合,System,7,50,1500.0,-144.0,-0.096,2,2,0,2:0,two_goal_win,False,False,False,7,7,False
2026_06_24_Bosnia_and_Herzegovina_Qatar,波黑 vs 卡塔尔,06/24/2026 12:00,3:1,第8组合,System,8,48,1500.0,-276.0,-0.184,1,1,0,2:0,two_goal_win,False,False,False,8,8,False
2026_06_24_Bosnia_and_Herzegovina_Qatar,波黑 vs 卡塔尔,06/24/2026 12:00,3:1,第4组合,System,4,53,1500.0,-1500.0,-1.0,0,1,0,2:0,two_goal_win,False,True,False,4,9,False
2026_06_24_Bosnia_and_Herzegovina_Qatar,波黑 vs 卡塔尔,06/24/2026 12:00,3:1,第9组合,System,9,40,1500.0,-1500.0,-1.0,0,2,0,2:0,two_goal_win,False,True,False,9,10,False
2026_06_24_Bosnia_and_Herzegovina_Qatar,波黑 vs 卡塔尔,06/24/2026 12:00,3:1,第10组合,System,10,39,1500.0,-1500.0,-1.0,0,2,0,3:0,two_goal_win,False,True,False,10,11,False
2026_06_24_Czech_Republic_Mexico,捷克 vs 墨西哥,06/24/2026 19:00,0:3,我的组合,My Portfolio,,,500.0,0.0,0.0,0,0,0,-,three_plus_goal_win,,False,False,,1,False
2026_06_24_Czech_Republic_Mexico,捷克 vs 墨西哥,06/24/2026 19:00,0:3,推荐组合,System,1,44,100.0,-100.0,-1.0,0,1,0,0:1,three_plus_goal_win,False,True,False,1,2,False
2026_06_24_Czech_Republic_Mexico,捷克 vs 墨西哥,06/24/2026 19:00,0:3,第2组合,System,2,44,100.0,-100.0,-1.0,0,2,0,0:1,three_plus_goal_win,False,True,False,2,3,False
2026_06_24_Czech_Republic_Mexico,捷克 vs 墨西哥,06/24/2026 19:00,0:3,第3组合,System,3,44,100.0,-100.0,-1.0,0,1,0,0:1,three_plus_goal_win,False,True,False,3,4,False
2026_06_24_Czech_Republic_Mexico,捷克 vs 墨西哥,06/24/2026 19:00,0:3,第4组合,System,4,44,100.0,-100.0,-1.0,0,3,0,0:1,three_plus_goal_win,False,True,False,4,5,False
2026_06_24_Czech_Republic_Mexico,捷克 vs 墨西哥,06/24/2026 19:00,0:3,第5组合,System,5,44,100.0,-100.0,-1.0,0,1,0,0:1,three_plus_goal_win,False,True,False,5,6,False
2026_06_24_Czech_Republic_Mexico,捷克 vs 墨西哥,06/24/2026 19:00,0:3,第6组合,System,6,42,100.0,-100.0,-1.0,1,9,0,0:0,three_plus_goal_win,False,True,False,6,7,False
2026_06_24_Czech_Republic_Mexico,捷克 vs 墨西哥,06/24/2026 19:00,0:3,第7组合,System,7,42,100.0,-100.0,-1.0,0,1,0,0:0,three_plus_goal_win,False,True,False,7,8,False
2026_06_24_Czech_Republic_Mexico,捷克 vs 墨西哥,06/24/2026 19:00,0:3,第8组合,System,8,42,100.0,-100.0,-1.0,0,1,0,0:0,three_plus_goal_win,False,True,False,8,9,False
2026_06_24_Czech_Republic_Mexico,捷克 vs 墨西哥,06/24/2026 19:00,0:3,第9组合,System,9,42,100.0,-100.0,-1.0,0,2,0,0:0,three_plus_goal_win,False,True,False,9,10,False
2026_06_24_Morocco_Haiti,摩洛哥 vs 海地,06/24/2026 18:00,4:2,第5组合,System,5,44,1800.0,992.0,0.551,1,0,0,2:0,two_goal_win,True,False,False,5,1,False
2026_06_24_Morocco_Haiti,摩洛哥 vs 海地,06/24/2026 18:00,4:2,第3组合,System,3,45,1800.0,640.0,0.356,2,0,0,2:0,two_goal_win,True,False,False,3,2,False
2026_06_24_Morocco_Haiti,摩洛哥 vs 海地,06/24/2026 18:00,4:2,第2组合,System,2,45,1800.0,288.0,0.16,1,0,0,2:0,two_goal_win,True,False,False,2,3,False
2026_06_24_Morocco_Haiti,摩洛哥 vs 海地,06/24/2026 18:00,4:2,推荐组合,System,1,46,1800.0,-94.0,-0.052,1,1,0,2:0,two_goal_win,False,False,False,1,4,False
2026_06_24_Morocco_Haiti,摩洛哥 vs 海地,06/24/2026 18:00,4:2,第4组合,System,4,44,1800.0,-445.0,-0.247,2,2,0,3:0,two_goal_win,False,False,False,4,5,False
2026_06_24_Morocco_Haiti,摩洛哥 vs 海地,06/24/2026 18:00,4:2,第6组合,System,6,44,1800.0,-640.0,-0.356,1,1,0,2:0,two_goal_win,False,False,False,6,6,False
2026_06_24_Morocco_Haiti,摩洛哥 vs 海地,06/24/2026 18:00,4:2,第7组合,Aggressive,7,42,1800.0,-714.0,-0.397,1,2,0,2:0,two_goal_win,False,False,False,7,7,False
2026_06_24_Morocco_Haiti,摩洛哥 vs 海地,06/24/2026 18:00,4:2,第9组合,Tail Hedge,9,41,1800.0,-988.0,-0.549,1,2,0,2:0,two_goal_win,False,False,False,9,8,False
2026_06_24_Morocco_Haiti,摩洛哥 vs 海地,06/24/2026 18:00,4:2,第8组合,System,8,41,1800.0,-1800.0,-1.0,0,1,0,2:0,two_goal_win,False,True,False,8,9,False
2026_06_24_Morocco_Haiti,摩洛哥 vs 海地,06/24/2026 18:00,4:2,第10组合,System,10,40,1800.0,-1800.0,-1.0,0,2,0,2:0,two_goal_win,False,True,False,10,10,False
2026_06_24_Scotland_Brazil,苏格兰 vs 巴西,06/24/2026 18:00,0:3,第4组合,System,4,51,1100.0,1230.0,1.118,1,3,0,0:3,three_plus_goal_win,True,False,False,4,1,False
2026_06_24_Scotland_Brazil,苏格兰 vs 巴西,06/24/2026 18:00,0:3,第7组合,Tail Hedge,7,50,1100.0,843.0,0.766,2,3,0,1:2,three_plus_goal_win,True,False,False,7,2,False
2026_06_24_Scotland_Brazil,苏格兰 vs 巴西,06/24/2026 18:00,0:3,第6组合,System,6,50,1100.0,713.0,0.648,2,4,0,1:2,three_plus_goal_win,True,False,False,6,3,False
2026_06_24_Scotland_Brazil,苏格兰 vs 巴西,06/24/2026 18:00,0:3,第5组合,Aggressive,5,51,1100.0,453.0,0.412,1,4,0,1:2,three_plus_goal_win,True,False,False,5,4,False
2026_06_24_Scotland_Brazil,苏格兰 vs 巴西,06/24/2026 18:00,0:3,推荐组合,System,1,73,1100.0,330.0,0.3,1,0,0,0:2,three_plus_goal_win,True,False,False,1,5,False
2026_06_24_Scotland_Brazil,苏格兰 vs 巴西,06/24/2026 18:00,0:3,我的组合,My Portfolio,,,700.0,77.0,0.11,1,3,0,-,three_plus_goal_win,,False,False,,6,False
2026_06_24_Scotland_Brazil,苏格兰 vs 巴西,06/24/2026 18:00,0:3,第8组合,System,8,47,1100.0,-190.0,-0.173,1,1,0,0:2,three_plus_goal_win,False,False,False,8,7,False
2026_06_24_Scotland_Brazil,苏格兰 vs 巴西,06/24/2026 18:00,0:3,第11组合,System,11,44,1100.0,-450.0,-0.409,1,1,0,0:1,three_plus_goal_win,False,False,False,11,8,False
2026_06_24_Scotland_Brazil,苏格兰 vs 巴西,06/24/2026 18:00,0:3,第2组合,Conservative,2,53,1100.0,-710.0,-0.645,1,3,0,0:1,three_plus_goal_win,False,False,False,2,9,False
2026_06_24_Scotland_Brazil,苏格兰 vs 巴西,06/24/2026 18:00,0:3,第3组合,System,3,52,1100.0,-1100.0,-1.0,0,2,0,0:2,three_plus_goal_win,False,True,False,3,10,False
2026_06_24_Scotland_Brazil,苏格兰 vs 巴西,06/24/2026 18:00,0:3,第9组合,System,9,45,1100.0,-1100.0,-1.0,0,2,0,0:2,three_plus_goal_win,False,True,False,9,11,False
2026_06_24_Scotland_Brazil,苏格兰 vs 巴西,06/24/2026 18:00,0:3,第10组合,System,10,44,1100.0,-1100.0,-1.0,0,1,0,0:1,three_plus_goal_win,False,True,False,10,12,False
2026_06_24_Scotland_Brazil,苏格兰 vs 巴西,06/24/2026 18:00,0:3,第12组合,System,12,40,1100.0,-1100.0,-1.0,0,1,0,0:2,three_plus_goal_win,False,True,False,12,13,False
2026_06_24_South_Africa_South_Korea,南非 vs 韩国,06/24/2026 19:00,1:0,第10组合,System,10,39,300.0,365.0,1.217,1,0,0,0:0,one_goal_win,True,False,False,10,1,False
2026_06_24_South_Africa_South_Korea,南非 vs 韩国,06/24/2026 19:00,1:0,第7组合,System,7,46,300.0,144.0,0.48,1,1,0,0:1,one_goal_win,True,False,False,7,2,False
2026_06_24_South_Africa_South_Korea,南非 vs 韩国,06/24/2026 19:00,1:0,第8组合,System,8,44,300.0,144.0,0.48,1,1,0,0:0,one_goal_win,True,False,False,8,3,False
2026_06_24_South_Africa_South_Korea,南非 vs 韩国,06/24/2026 19:00,1:0,第6组合,Aggressive,6,50,300.0,-78.0,-0.26,1,2,0,0:2,one_goal_win,False,False,True,6,4,False
2026_06_24_South_Africa_South_Korea,南非 vs 韩国,06/24/2026 19:00,1:0,推荐组合,System,1,74,300.0,-300.0,-1.0,0,2,0,0:1,one_goal_win,False,True,True,1,5,False
2026_06_24_South_Africa_South_Korea,南非 vs 韩国,06/24/2026 19:00,1:0,第2组合,System,2,73,300.0,-300.0,-1.0,0,1,0,0:1,one_goal_win,False,True,True,2,6,False
2026_06_24_South_Africa_South_Korea,南非 vs 韩国,06/24/2026 19:00,1:0,第3组合,System,3,52,300.0,-300.0,-1.0,0,3,1,0:2,one_goal_win,False,True,True,3,7,False
2026_06_24_South_Africa_South_Korea,南非 vs 韩国,06/24/2026 19:00,1:0,第4组合,Tail Hedge,4,52,300.0,-300.0,-1.0,0,3,0,0:2,one_goal_win,False,True,True,4,8,False
2026_06_24_South_Africa_South_Korea,南非 vs 韩国,06/24/2026 19:00,1:0,第5组合,System,5,50,300.0,-300.0,-1.0,0,2,0,0:1,one_goal_win,False,True,True,5,9,False
2026_06_24_South_Africa_South_Korea,南非 vs 韩国,06/24/2026 19:00,1:0,第9组合,System,9,43,300.0,-300.0,-1.0,0,1,0,0:1,one_goal_win,False,True,True,9,10,False
2026_06_24_South_Africa_South_Korea,南非 vs 韩国,06/24/2026 19:00,1:0,我的组合,My Portfolio,,,2300.0,-1400.0,-0.609,0,3,0,-,one_goal_win,,False,True,,11,False
2026_06_24_Switzerland_Canada,瑞士 vs 加拿大,06/24/2026 12:00,2:1,第4组合,System,4,49,700.0,959.0,1.37,1,0,0,1:0,one_goal_win,True,False,False,4,1,False
2026_06_24_Switzerland_Canada,瑞士 vs 加拿大,06/24/2026 12:00,2:1,第3组合,System,3,50,700.0,928.0,1.326,2,0,0,1:0,one_goal_win,True,False,False,3,2,False
2026_06_24_Switzerland_Canada,瑞士 vs 加拿大,06/24/2026 12:00,2:1,推荐组合,System,1,51,700.0,905.0,1.293,1,0,0,1:0,one_goal_win,True,False,False,1,3,False
2026_06_24_Switzerland_Canada,瑞士 vs 加拿大,06/24/2026 12:00,2:1,我的组合,My Portfolio,,,1000.0,376.0,0.376,1,2,0,-,one_goal_win,,False,False,,4,False
2026_06_24_Switzerland_Canada,瑞士 vs 加拿大,06/24/2026 12:00,2:1,第6组合,System,6,48,700.0,248.0,0.354,1,1,0,1:0,one_goal_win,True,False,False,6,5,False
2026_06_24_Switzerland_Canada,瑞士 vs 加拿大,06/24/2026 12:00,2:1,第2组合,System,2,50,700.0,232.0,0.331,2,2,0,1:0,one_goal_win,True,False,False,2,6,False
2026_06_24_Switzerland_Canada,瑞士 vs 加拿大,06/24/2026 12:00,2:1,第5组合,System,5,49,700.0,217.0,0.31,1,1,0,1:0,one_goal_win,True,False,False,5,7,False
2026_06_24_Switzerland_Canada,瑞士 vs 加拿大,06/24/2026 12:00,2:1,第7组合,Aggressive,7,48,700.0,-12.0,-0.017,1,2,0,2:0,one_goal_win,False,False,True,7,8,False
2026_06_24_Switzerland_Canada,瑞士 vs 加拿大,06/24/2026 12:00,2:1,第8组合,Tail Hedge,8,45,700.0,-226.0,-0.323,1,2,0,1:0,one_goal_win,False,False,True,8,9,False
2026_06_24_Switzerland_Canada,瑞士 vs 加拿大,06/24/2026 12:00,2:1,第9组合,System,9,39,700.0,-700.0,-1.0,0,1,0,1:0,one_goal_win,False,True,True,9,10,False
2026_06_24_Switzerland_Canada,瑞士 vs 加拿大,06/24/2026 12:00,2:1,第10组合,System,10,38,700.0,-700.0,-1.0,0,2,0,2:0,one_goal_win,False,True,True,10,11,False
